Model,gpt-3.5-turbo-0613,SYSTEM,"Please output a list of hexadecimal integers only, each integer between 0x0 and 0xffffffff. 
Do not give any explanations. 
Output format: [a, b, c, ...].",temperature,0.4,top_p,1,Prompter,TemplatePromptGenerator4ID2,Extractor,DumbExtractor
Total Message#,Dialog #,Message #,Total Token Cnt,USER,Input Token Cnt,ASSISTANT,Output Token Cnt,Action,Coverage Rate,Coverage Plan
1,1,1,1169,"""Please generate a list of 32-bit instructions (i.e. hex integers between 0x0 and 0xffffffff) for a RISC-V processor that satisfies these described bins (i.e. test cases):
------
BINS DESCRIPTION
- The list contains 32-bit hexadecimal integers, each represents a RISC-V instruction.
- There are 32 register files available, with index from 0 to 31.
- There are 26 available types of operations:
---
OPERATIONS
    - ADD: addition between two register files
    - ADDI: addition between a register file and an immediate (i.e. a constant number)
    - SUB: subtraction between two register files
    - SUBI: subtraction between a register file and an immediate
    - AND: logical operation AND between two register files
    - ANDI: logical operation AND between a register file and an immediate
    - OR: logical operation OR between two register files
    - ORI: logical operation OR between a register file and an immediate
    - XOR: logical operation XOR between two register files
    - XORI: logical operation XOR between a register file and an immediate
    - SLL: logical shift left a register file by number of bits equal to another register file
    - SLLI: logical shift left a register file by number of bits equal to an immediate
    - SRL: logical shift right a register file by number of bits equal to another register file
    - SRLI: logical shift right a register file by number of bits equal to an immediate
    - SRA: arithmetic shift right a register file by number of bits equal to another register file
    - SRAI: arithmetic shift right a register file by number of bits equal to an immediate
    - SLT: make comparison between two register files; if the first one is smaller, write 1 to a register file, otherwise write 0
    - SLTI: make comparison between a register file and an immediate; if the register file is smaller, write 1 to a register file, otherwise write 0
    - SLTU: make comparison between two unsigned register files; if the first one is smaller, write 1 to a register file, otherwise write 0
    - SLTUI: make comparison between an unsigned register file and an unsigned immediate; if the register file is smaller, write 1 to a register file, otherwise write 0
    - LW: load a word (a 32-bit value) from memory at the address equal to a register file into a register file
    - LH: load a half-word (a 16-bit value) from memory at the address equal to a register file into a register file
    - LB: load a byte (an 8-bit value) from memory at the address equal to a register file into a register file
    - SW: store a word (a 32-bit value) from a register file to memory at the address equal to a register file
    - SH: store a half-word (a 16-bit value) from a register file to memory at the address equal to a register file
    - SB: load a byte (an 8-bit value) from a register file to memory at the address equal to a register file
---
- BIN type 1: For each operation, the list contains at least one instruction that performs it.

- Each of the 32 register files has two read ports (""read_A"" and ""read_B"") and a write port (""write"")
    - ""read_A"" is used when the register file is taken as the first argument of an operation.
    - ""read_B"" is used when the register file is taken as the second argument of an operation.
    - ""write"" is used when the result of an operation is written to the register file.
- BIN type 2: For each register file port, the list contains at least one instruction that uses it.

- BIN type 3: For each operation and each register file port, the list contains at least one instruction that performs the operation and uses the port as the same time.
------
Please generate a list of 32-bit instructions (i.e. hex integers between 0x0 and 0xffffffff) that satisfies the above conditions.""",933,"""[0x00000013, 0x00000093, 0x00000113, 0x00000193, 0x00000213, 0x00000293, 0x00000313, 0x00000393, 0x00000413, 0x00000493, 0x00000513, 0x00000593, 0x00000613, 0x00000693, 0x00000713, 0x00000793, 0x00000813, 0x00000893, 0x00000913, 0x00000993, 0x00000a13, 0x00000a93, 0x00000b13, 0x00000b93, 0x00000c13, 0x00000c93, 0x00000d13, 0x00000d93, 0x00000e13, 0x00000e93, 0x00000f13, 0x00000f93]""",236,none,68,"{'ADDI': 32, 'illegal_instruction': 1, 'read_A_reg_0': 32, 'write_reg_0': 1, 'write_reg_1': 1, 'write_reg_2': 1, 'write_reg_3': 1, 'write_reg_4': 1, 'write_reg_5': 1, 'write_reg_6': 1, 'write_reg_7': 1, 'write_reg_8': 1, 'write_reg_9': 1, 'write_reg_10': 1, 'write_reg_11': 1, 'write_reg_12': 1, 'write_reg_13': 1, 'write_reg_14': 1, 'write_reg_15': 1, 'write_reg_16': 1, 'write_reg_17': 1, 'write_reg_18': 1, 'write_reg_19': 1, 'write_reg_20': 1, 'write_reg_21': 1, 'write_reg_22': 1, 'write_reg_23': 1, 'write_reg_24': 1, 'write_reg_25': 1, 'write_reg_26': 1, 'write_reg_27': 1, 'write_reg_28': 1, 'write_reg_29': 1, 'write_reg_30': 1, 'write_reg_31': 1, 'ADDI_x_read_A_reg_0': 32, 'ADDI_x_write_reg_0': 1, 'ADDI_x_write_reg_1': 1, 'ADDI_x_write_reg_2': 1, 'ADDI_x_write_reg_3': 1, 'ADDI_x_write_reg_4': 1, 'ADDI_x_write_reg_5': 1, 'ADDI_x_write_reg_6': 1, 'ADDI_x_write_reg_7': 1, 'ADDI_x_write_reg_8': 1, 'ADDI_x_write_reg_9': 1, 'ADDI_x_write_reg_10': 1, 'ADDI_x_write_reg_11': 1, 'ADDI_x_write_reg_12': 1, 'ADDI_x_write_reg_13': 1, 'ADDI_x_write_reg_14': 1, 'ADDI_x_write_reg_15': 1, 'ADDI_x_write_reg_16': 1, 'ADDI_x_write_reg_17': 1, 'ADDI_x_write_reg_18': 1, 'ADDI_x_write_reg_19': 1, 'ADDI_x_write_reg_20': 1, 'ADDI_x_write_reg_21': 1, 'ADDI_x_write_reg_22': 1, 'ADDI_x_write_reg_23': 1, 'ADDI_x_write_reg_24': 1, 'ADDI_x_write_reg_25': 1, 'ADDI_x_write_reg_26': 1, 'ADDI_x_write_reg_27': 1, 'ADDI_x_write_reg_28': 1, 'ADDI_x_write_reg_29': 1, 'ADDI_x_write_reg_30': 1, 'ADDI_x_write_reg_31': 1}"
2,1,2,1652,"""The values you provided failed to cover all the bins.
You will see the result coverage of your previous response(s), and then generate another list of 32-bit instructions to cover the unreached bins (i.e. test cases)
Here are some of the unreached bins:
------
UNREACHED BINS
- ADD: there's no instruction that performs the operation ADD.
- SUB: there's no instruction that performs the operation SUB.
- SUBI: there's no instruction that performs the operation SUBI.
- ADD_x_read_A_reg_3: there's no operation that performs the operation ADD using the read_A port of register 3.
- read_A_reg_9: there's no instruction that uses the read_A port of register 9.
- ADD_x_write_reg_17: there's no operation that performs the operation ADD using the write port of register 7.
- SLL_x_read_B_reg_17: there's no operation that performs the operation SLL using the read_B port of register 7.
------
Please regenerate a 32-bit instruction for each of these unreached bins according to the BINS DESCRIPTION.""",1408,"""[0x00000033, 0x00000023, 0x000000b3, 0x00000133, 0x00000123, 0x000001b3, 0x00000233, 0x00000223, 0x000002b3, 0x00000333, 0x00000323, 0x000003b3, 0x00000433, 0x00000423, 0x000004b3, 0x00000533, 0x00000523, 0x000005b3, 0x00000633, 0x00000623, 0x000006b3, 0x00000733, 0x00000723, 0x000007b3, 0x00000833, 0x00000823, 0x000008b3, 0x00000933, 0x00000923, 0x000009b3, 0x00000a33, 0x00000a23, 0x00000ab3]""",244,none,97,"{'ADD': 22, 'ADDI': 32, 'illegal_instruction': 1, 'SB': 11, 'read_A_reg_0': 65, 'read_B_reg_0': 33, 'write_reg_0': 2, 'write_reg_1': 2, 'write_reg_2': 2, 'write_reg_3': 2, 'write_reg_4': 2, 'write_reg_5': 2, 'write_reg_6': 2, 'write_reg_7': 2, 'write_reg_8': 2, 'write_reg_9': 2, 'write_reg_10': 2, 'write_reg_11': 2, 'write_reg_12': 2, 'write_reg_13': 2, 'write_reg_14': 2, 'write_reg_15': 2, 'write_reg_16': 2, 'write_reg_17': 2, 'write_reg_18': 2, 'write_reg_19': 2, 'write_reg_20': 2, 'write_reg_21': 2, 'write_reg_22': 1, 'write_reg_23': 1, 'write_reg_24': 1, 'write_reg_25': 1, 'write_reg_26': 1, 'write_reg_27': 1, 'write_reg_28': 1, 'write_reg_29': 1, 'write_reg_30': 1, 'write_reg_31': 1, 'ADD_x_read_A_reg_0': 22, 'ADD_x_read_B_reg_0': 22, 'ADD_x_write_reg_0': 1, 'ADD_x_write_reg_1': 1, 'ADD_x_write_reg_2': 1, 'ADD_x_write_reg_3': 1, 'ADD_x_write_reg_4': 1, 'ADD_x_write_reg_5': 1, 'ADD_x_write_reg_6': 1, 'ADD_x_write_reg_7': 1, 'ADD_x_write_reg_8': 1, 'ADD_x_write_reg_9': 1, 'ADD_x_write_reg_10': 1, 'ADD_x_write_reg_11': 1, 'ADD_x_write_reg_12': 1, 'ADD_x_write_reg_13': 1, 'ADD_x_write_reg_14': 1, 'ADD_x_write_reg_15': 1, 'ADD_x_write_reg_16': 1, 'ADD_x_write_reg_17': 1, 'ADD_x_write_reg_18': 1, 'ADD_x_write_reg_19': 1, 'ADD_x_write_reg_20': 1, 'ADD_x_write_reg_21': 1, 'ADDI_x_read_A_reg_0': 32, 'ADDI_x_write_reg_0': 1, 'ADDI_x_write_reg_1': 1, 'ADDI_x_write_reg_2': 1, 'ADDI_x_write_reg_3': 1, 'ADDI_x_write_reg_4': 1, 'ADDI_x_write_reg_5': 1, 'ADDI_x_write_reg_6': 1, 'ADDI_x_write_reg_7': 1, 'ADDI_x_write_reg_8': 1, 'ADDI_x_write_reg_9': 1, 'ADDI_x_write_reg_10': 1, 'ADDI_x_write_reg_11': 1, 'ADDI_x_write_reg_12': 1, 'ADDI_x_write_reg_13': 1, 'ADDI_x_write_reg_14': 1, 'ADDI_x_write_reg_15': 1, 'ADDI_x_write_reg_16': 1, 'ADDI_x_write_reg_17': 1, 'ADDI_x_write_reg_18': 1, 'ADDI_x_write_reg_19': 1, 'ADDI_x_write_reg_20': 1, 'ADDI_x_write_reg_21': 1, 'ADDI_x_write_reg_22': 1, 'ADDI_x_write_reg_23': 1, 'ADDI_x_write_reg_24': 1, 'ADDI_x_write_reg_25': 1, 'ADDI_x_write_reg_26': 1, 'ADDI_x_write_reg_27': 1, 'ADDI_x_write_reg_28': 1, 'ADDI_x_write_reg_29': 1, 'ADDI_x_write_reg_30': 1, 'ADDI_x_write_reg_31': 1, 'SB_x_read_A_reg_0': 11, 'SB_x_read_B_reg_0': 11}"
3,1,3,2121,"""The values you provided failed to cover all the bins.
You will see the result coverage of your previous response(s), and then generate another list of 32-bit instructions to cover the unreached bins (i.e. test cases)
Here are some of the unreached bins:
------
UNREACHED BINS
- SUB: there's no instruction that performs the operation SUB.
- OR: there's no instruction that performs the operation OR.
- ORI: there's no instruction that performs the operation ORI.
- read_B_reg_24: there's no instruction that uses the read_B port of register 4.
- read_A_reg_12: there's no instruction that uses the read_A port of register 2.
- SB_x_read_B_reg_22: there's no operation that performs the operation SB using the read_B port of register 2.
- SRL_x_read_A_reg_0: there's no operation that performs the operation SRL using the read_A port of register 0.
------
Please regenerate a 32-bit instruction for each of these unreached bins according to the BINS DESCRIPTION.""",1887,"""[0x00000023, 0x00000033, 0x00000063, 0x00000123, 0x00000133, 0x00000163, 0x00000223, 0x00000233, 0x00000263, 0x00000323, 0x00000333, 0x00000363, 0x00000423, 0x00000433, 0x00000463, 0x00000523, 0x00000533, 0x00000563, 0x00000623, 0x00000633, 0x00000663, 0x00000723, 0x00000733, 0x00000763, 0x00000823, 0x00000833, 0x00000863, 0x00000923, 0x00000933, 0x00000963, 0x00000a23, 0x00000a33, 0x00000a63]""",234,none,97,"{'ADD': 33, 'ADDI': 32, 'illegal_instruction': 1, 'SB': 22, 'read_A_reg_0': 98, 'read_B_reg_0': 66, 'write_reg_0': 3, 'write_reg_1': 2, 'write_reg_2': 3, 'write_reg_3': 2, 'write_reg_4': 3, 'write_reg_5': 2, 'write_reg_6': 3, 'write_reg_7': 2, 'write_reg_8': 3, 'write_reg_9': 2, 'write_reg_10': 3, 'write_reg_11': 2, 'write_reg_12': 3, 'write_reg_13': 2, 'write_reg_14': 3, 'write_reg_15': 2, 'write_reg_16': 3, 'write_reg_17': 2, 'write_reg_18': 3, 'write_reg_19': 2, 'write_reg_20': 3, 'write_reg_21': 2, 'write_reg_22': 1, 'write_reg_23': 1, 'write_reg_24': 1, 'write_reg_25': 1, 'write_reg_26': 1, 'write_reg_27': 1, 'write_reg_28': 1, 'write_reg_29': 1, 'write_reg_30': 1, 'write_reg_31': 1, 'ADD_x_read_A_reg_0': 33, 'ADD_x_read_B_reg_0': 33, 'ADD_x_write_reg_0': 2, 'ADD_x_write_reg_1': 1, 'ADD_x_write_reg_2': 2, 'ADD_x_write_reg_3': 1, 'ADD_x_write_reg_4': 2, 'ADD_x_write_reg_5': 1, 'ADD_x_write_reg_6': 2, 'ADD_x_write_reg_7': 1, 'ADD_x_write_reg_8': 2, 'ADD_x_write_reg_9': 1, 'ADD_x_write_reg_10': 2, 'ADD_x_write_reg_11': 1, 'ADD_x_write_reg_12': 2, 'ADD_x_write_reg_13': 1, 'ADD_x_write_reg_14': 2, 'ADD_x_write_reg_15': 1, 'ADD_x_write_reg_16': 2, 'ADD_x_write_reg_17': 1, 'ADD_x_write_reg_18': 2, 'ADD_x_write_reg_19': 1, 'ADD_x_write_reg_20': 2, 'ADD_x_write_reg_21': 1, 'ADDI_x_read_A_reg_0': 32, 'ADDI_x_write_reg_0': 1, 'ADDI_x_write_reg_1': 1, 'ADDI_x_write_reg_2': 1, 'ADDI_x_write_reg_3': 1, 'ADDI_x_write_reg_4': 1, 'ADDI_x_write_reg_5': 1, 'ADDI_x_write_reg_6': 1, 'ADDI_x_write_reg_7': 1, 'ADDI_x_write_reg_8': 1, 'ADDI_x_write_reg_9': 1, 'ADDI_x_write_reg_10': 1, 'ADDI_x_write_reg_11': 1, 'ADDI_x_write_reg_12': 1, 'ADDI_x_write_reg_13': 1, 'ADDI_x_write_reg_14': 1, 'ADDI_x_write_reg_15': 1, 'ADDI_x_write_reg_16': 1, 'ADDI_x_write_reg_17': 1, 'ADDI_x_write_reg_18': 1, 'ADDI_x_write_reg_19': 1, 'ADDI_x_write_reg_20': 1, 'ADDI_x_write_reg_21': 1, 'ADDI_x_write_reg_22': 1, 'ADDI_x_write_reg_23': 1, 'ADDI_x_write_reg_24': 1, 'ADDI_x_write_reg_25': 1, 'ADDI_x_write_reg_26': 1, 'ADDI_x_write_reg_27': 1, 'ADDI_x_write_reg_28': 1, 'ADDI_x_write_reg_29': 1, 'ADDI_x_write_reg_30': 1, 'ADDI_x_write_reg_31': 1, 'SB_x_read_A_reg_0': 22, 'SB_x_read_B_reg_0': 22}"
4,1,4,2611,"""The new values you just provided didn't cover any new bins. You need to try to cover as much of the described bins as you can.
You will see the result coverage of your previous response(s), and then generate another list of 32-bit instructions to cover the unreached bins (i.e. test cases)
Here are some of  the unreached bins:
------
UNREACHED BINS
- SUB: there's no instruction that performs the operation SUB.
- OR: there's no instruction that performs the operation OR.
- XOR: there's no instruction that performs the operation XOR.
- read_B_reg_1: there's no instruction that uses the read_B port of register 1.
- read_B_reg_10: there's no instruction that uses the read_B port of register 0.
- LW_x_read_A_reg_20: there's no operation that performs the operation LW using the read_A port of register 0.
- LW_x_write_reg_2: there's no operation that performs the operation LW using the write port of register 2.
------
Please regenerate a 32-bit instruction for each of these unreached bins according to the BINS DESCRIPTION.""",2369,"""[0x00000023, 0x00000033, 0x00000063, 0x00000123, 0x00000133, 0x00000163, 0x00000223, 0x00000233, 0x00000263, 0x00000323, 0x00000333, 0x00000363, 0x00000423, 0x00000433, 0x00000463, 0x00000523, 0x00000533, 0x00000563, 0x00000623, 0x00000633, 0x00000663, 0x00000723, 0x00000733, 0x00000763, 0x00000823, 0x00000833, 0x00000863, 0x00000923, 0x00000933, 0x00000963, 0x00000a23, 0x00000a33, 0x00000a63, 0x00000b23]""",242,none,97,"{'ADD': 44, 'ADDI': 32, 'illegal_instruction': 1, 'SB': 34, 'read_A_reg_0': 132, 'read_B_reg_0': 100, 'write_reg_0': 4, 'write_reg_1': 2, 'write_reg_2': 4, 'write_reg_3': 2, 'write_reg_4': 4, 'write_reg_5': 2, 'write_reg_6': 4, 'write_reg_7': 2, 'write_reg_8': 4, 'write_reg_9': 2, 'write_reg_10': 4, 'write_reg_11': 2, 'write_reg_12': 4, 'write_reg_13': 2, 'write_reg_14': 4, 'write_reg_15': 2, 'write_reg_16': 4, 'write_reg_17': 2, 'write_reg_18': 4, 'write_reg_19': 2, 'write_reg_20': 4, 'write_reg_21': 2, 'write_reg_22': 1, 'write_reg_23': 1, 'write_reg_24': 1, 'write_reg_25': 1, 'write_reg_26': 1, 'write_reg_27': 1, 'write_reg_28': 1, 'write_reg_29': 1, 'write_reg_30': 1, 'write_reg_31': 1, 'ADD_x_read_A_reg_0': 44, 'ADD_x_read_B_reg_0': 44, 'ADD_x_write_reg_0': 3, 'ADD_x_write_reg_1': 1, 'ADD_x_write_reg_2': 3, 'ADD_x_write_reg_3': 1, 'ADD_x_write_reg_4': 3, 'ADD_x_write_reg_5': 1, 'ADD_x_write_reg_6': 3, 'ADD_x_write_reg_7': 1, 'ADD_x_write_reg_8': 3, 'ADD_x_write_reg_9': 1, 'ADD_x_write_reg_10': 3, 'ADD_x_write_reg_11': 1, 'ADD_x_write_reg_12': 3, 'ADD_x_write_reg_13': 1, 'ADD_x_write_reg_14': 3, 'ADD_x_write_reg_15': 1, 'ADD_x_write_reg_16': 3, 'ADD_x_write_reg_17': 1, 'ADD_x_write_reg_18': 3, 'ADD_x_write_reg_19': 1, 'ADD_x_write_reg_20': 3, 'ADD_x_write_reg_21': 1, 'ADDI_x_read_A_reg_0': 32, 'ADDI_x_write_reg_0': 1, 'ADDI_x_write_reg_1': 1, 'ADDI_x_write_reg_2': 1, 'ADDI_x_write_reg_3': 1, 'ADDI_x_write_reg_4': 1, 'ADDI_x_write_reg_5': 1, 'ADDI_x_write_reg_6': 1, 'ADDI_x_write_reg_7': 1, 'ADDI_x_write_reg_8': 1, 'ADDI_x_write_reg_9': 1, 'ADDI_x_write_reg_10': 1, 'ADDI_x_write_reg_11': 1, 'ADDI_x_write_reg_12': 1, 'ADDI_x_write_reg_13': 1, 'ADDI_x_write_reg_14': 1, 'ADDI_x_write_reg_15': 1, 'ADDI_x_write_reg_16': 1, 'ADDI_x_write_reg_17': 1, 'ADDI_x_write_reg_18': 1, 'ADDI_x_write_reg_19': 1, 'ADDI_x_write_reg_20': 1, 'ADDI_x_write_reg_21': 1, 'ADDI_x_write_reg_22': 1, 'ADDI_x_write_reg_23': 1, 'ADDI_x_write_reg_24': 1, 'ADDI_x_write_reg_25': 1, 'ADDI_x_write_reg_26': 1, 'ADDI_x_write_reg_27': 1, 'ADDI_x_write_reg_28': 1, 'ADDI_x_write_reg_29': 1, 'ADDI_x_write_reg_30': 1, 'ADDI_x_write_reg_31': 1, 'SB_x_read_A_reg_0': 34, 'SB_x_read_B_reg_0': 34}"
5,1,5,3137,"""The new values you just provided didn't cover any new bins. You need to try to cover as much of the described bins as you can.
You will see the result coverage of your previous response(s), and then generate another list of 32-bit instructions to cover the unreached bins (i.e. test cases)
Here are some of  the unreached bins:
------
UNREACHED BINS
- SUB: there's no instruction that performs the operation SUB.
- OR: there's no instruction that performs the operation OR.
- read_A_reg_17: there's no instruction that uses the read_A port of register 7.
- read_B_reg_26: there's no instruction that uses the read_B port of register 6.
- SRA: there's no instruction that performs the operation SRA.
- SLT_x_write_reg_31: there's no operation that performs the operation SLT using the write port of register 1.
- SLTU_x_write_reg_11: there's no operation that performs the operation SLTU using the write port of register 1.
------
Please regenerate a 32-bit instruction for each of these unreached bins according to the BINS DESCRIPTION.""",2863,"""[0x00000023, 0x00000033, 0x00000063, 0x00000123, 0x00000133, 0x00000163, 0x00000223, 0x00000233, 0x00000263, 0x00000323, 0x00000333, 0x00000363, 0x00000423, 0x00000433, 0x00000463, 0x00000523, 0x00000533, 0x00000563, 0x00000623, 0x00000633, 0x00000663, 0x00000723, 0x00000733, 0x00000763, 0x00000823, 0x00000833, 0x00000863, 0x00000923, 0x00000933, 0x00000963, 0x00000a23, 0x00000a33, 0x00000a63, 0x00000b23, 0x00000b33, 0x00000b63, 0x00000c23, 0x00000c33]""",274,token budget exceeded,99,"{'ADD': 57, 'ADDI': 32, 'illegal_instruction': 1, 'SB': 47, 'read_A_reg_0': 170, 'read_B_reg_0': 138, 'write_reg_0': 5, 'write_reg_1': 2, 'write_reg_2': 5, 'write_reg_3': 2, 'write_reg_4': 5, 'write_reg_5': 2, 'write_reg_6': 5, 'write_reg_7': 2, 'write_reg_8': 5, 'write_reg_9': 2, 'write_reg_10': 5, 'write_reg_11': 2, 'write_reg_12': 5, 'write_reg_13': 2, 'write_reg_14': 5, 'write_reg_15': 2, 'write_reg_16': 5, 'write_reg_17': 2, 'write_reg_18': 5, 'write_reg_19': 2, 'write_reg_20': 5, 'write_reg_21': 2, 'write_reg_22': 2, 'write_reg_23': 1, 'write_reg_24': 2, 'write_reg_25': 1, 'write_reg_26': 1, 'write_reg_27': 1, 'write_reg_28': 1, 'write_reg_29': 1, 'write_reg_30': 1, 'write_reg_31': 1, 'ADD_x_read_A_reg_0': 57, 'ADD_x_read_B_reg_0': 57, 'ADD_x_write_reg_0': 4, 'ADD_x_write_reg_1': 1, 'ADD_x_write_reg_2': 4, 'ADD_x_write_reg_3': 1, 'ADD_x_write_reg_4': 4, 'ADD_x_write_reg_5': 1, 'ADD_x_write_reg_6': 4, 'ADD_x_write_reg_7': 1, 'ADD_x_write_reg_8': 4, 'ADD_x_write_reg_9': 1, 'ADD_x_write_reg_10': 4, 'ADD_x_write_reg_11': 1, 'ADD_x_write_reg_12': 4, 'ADD_x_write_reg_13': 1, 'ADD_x_write_reg_14': 4, 'ADD_x_write_reg_15': 1, 'ADD_x_write_reg_16': 4, 'ADD_x_write_reg_17': 1, 'ADD_x_write_reg_18': 4, 'ADD_x_write_reg_19': 1, 'ADD_x_write_reg_20': 4, 'ADD_x_write_reg_21': 1, 'ADD_x_write_reg_22': 1, 'ADD_x_write_reg_24': 1, 'ADDI_x_read_A_reg_0': 32, 'ADDI_x_write_reg_0': 1, 'ADDI_x_write_reg_1': 1, 'ADDI_x_write_reg_2': 1, 'ADDI_x_write_reg_3': 1, 'ADDI_x_write_reg_4': 1, 'ADDI_x_write_reg_5': 1, 'ADDI_x_write_reg_6': 1, 'ADDI_x_write_reg_7': 1, 'ADDI_x_write_reg_8': 1, 'ADDI_x_write_reg_9': 1, 'ADDI_x_write_reg_10': 1, 'ADDI_x_write_reg_11': 1, 'ADDI_x_write_reg_12': 1, 'ADDI_x_write_reg_13': 1, 'ADDI_x_write_reg_14': 1, 'ADDI_x_write_reg_15': 1, 'ADDI_x_write_reg_16': 1, 'ADDI_x_write_reg_17': 1, 'ADDI_x_write_reg_18': 1, 'ADDI_x_write_reg_19': 1, 'ADDI_x_write_reg_20': 1, 'ADDI_x_write_reg_21': 1, 'ADDI_x_write_reg_22': 1, 'ADDI_x_write_reg_23': 1, 'ADDI_x_write_reg_24': 1, 'ADDI_x_write_reg_25': 1, 'ADDI_x_write_reg_26': 1, 'ADDI_x_write_reg_27': 1, 'ADDI_x_write_reg_28': 1, 'ADDI_x_write_reg_29': 1, 'ADDI_x_write_reg_30': 1, 'ADDI_x_write_reg_31': 1, 'SB_x_read_A_reg_0': 47, 'SB_x_read_B_reg_0': 47}"
